{"stats":{"minecraft:dropped":{"minecraft:iron_nugget":2},"minecraft:killed":{"minecraft:spider":2,"grimoireofgaia:gryphon":2},"minecraft:picked_up":{"minecraft:iron_nugget":2,"minecraft:spider_eye":1,"minecraft:string":2},"minecraft:used":{"minecraft:golden_carrot":1},"minecraft:custom":{"minecraft:jump":282,"minecraft:time_since_rest":1825,"minecraft:deaths":2,"minecraft:damage_dealt":569,"minecraft:leave_game":3,"minecraft:play_time":19639,"minecraft:sprint_one_cm":20411,"minecraft:damage_taken":625,"minecraft:time_since_death":2020,"minecraft:walk_one_cm":28854,"minecraft:sneak_time":383,"minecraft:total_world_time":19639,"minecraft:mob_kills":2,"minecraft:drop":2,"minecraft:fall_one_cm":6707,"minecraft:fly_one_cm":209622}},"DataVersion":3465}