{"stats":{"minecraft:used":{"minecraft:golden_carrot":1},"minecraft:killed":{"minecraft:spider":2},"minecraft:custom":{"minecraft:jump":89,"minecraft:time_since_rest":14364,"minecraft:damage_dealt":120,"minecraft:leave_game":3,"minecraft:play_time":14364,"minecraft:sprint_one_cm":7977,"minecraft:damage_taken":180,"minecraft:time_since_death":14364,"minecraft:walk_one_cm":9356,"minecraft:sneak_time":340,"minecraft:total_world_time":14364,"minecraft:mob_kills":1,"minecraft:fall_one_cm":822,"minecraft:fly_one_cm":173794},"minecraft:picked_up":{"minecraft:spider_eye":1,"minecraft:string":2}},"DataVersion":3465}