{"stats":{"minecraft:used":{"minecraft:golden_carrot":1},"minecraft:killed":{"minecraft:spider":2},"minecraft:custom":{"minecraft:jump":86,"minecraft:time_since_rest":13960,"minecraft:damage_dealt":120,"minecraft:leave_game":2,"minecraft:play_time":13960,"minecraft:sprint_one_cm":7977,"minecraft:damage_taken":180,"minecraft:time_since_death":13960,"minecraft:walk_one_cm":9356,"minecraft:sneak_time":321,"minecraft:total_world_time":13960,"minecraft:mob_kills":1,"minecraft:fall_one_cm":822,"minecraft:fly_one_cm":173794},"minecraft:picked_up":{"minecraft:spider_eye":1,"minecraft:string":2}},"DataVersion":3465}