{"stats":{"minecraft:mined":{"minecraft:dandelion":3,"minecraft:grass":17,"minecraft:pointed_dripstone":1,"minecraft:grass_block":11,"minecraft:oak_log":4,"minecraft:dirt":3,"dynamictrees:oak_sapling":1,"minecraft:oak_leaves":1},"minecraft:killed":{"grimoireofgaia:gryphon":2,"minecraft:spider":2},"minecraft:used":{"minecraft:oak_log":41,"minecraft:wooden_axe":1,"minecraft:oak_stairs":195,"minecraft:iron_block":175,"minecraft:grass_block":42,"tombstone:dark_marble":43,"minecraft:oak_planks":45,"tombstone:white_marble":47,"tombstone:white_marble_stairs":124,"minecraft:beacon":2,"dynamictrees:oak_seed":2,"minecraft:dirt":14,"minecraft:golden_carrot":1,"minecraft:crafting_table":1,"minecraft:oak_wood":28,"tombstone:gift":2,"minecraft:pointed_dripstone":2},"minecraft:custom":{"minecraft:time_since_rest":46325,"minecraft:sprint_one_cm":52234,"minecraft:damage_taken":1345,"minecraft:walk_one_cm":107647,"minecraft:mob_kills":2,"minecraft:drop":8,"minecraft:damage_dealt":582,"minecraft:interact_with_beacon":2,"minecraft:swim_one_cm":580,"minecraft:interact_with_crafting_table":1,"minecraft:fly_one_cm":324664,"minecraft:crouch_one_cm":7199,"minecraft:play_time":76006,"minecraft:deaths":4,"minecraft:sneak_time":2706,"minecraft:walk_under_water_one_cm":2278,"minecraft:jump":672,"minecraft:leave_game":7,"minecraft:walk_on_water_one_cm":1367,"minecraft:time_since_death":46483,"minecraft:total_world_time":76006,"minecraft:fall_one_cm":25055},"minecraft:crafted":{"minecraft:oak_planks":12,"minecraft:crafting_table":1,"minecraft:stick":8,"minecraft:wooden_axe":1},"minecraft:picked_up":{"minecraft:stick":21,"minecraft:dandelion":2,"minecraft:oak_log":15,"minecraft:pointed_dripstone":2,"minecraft:string":2,"minecraft:spider_eye":1,"minecraft:dirt":14,"minecraft:wheat_seeds":2,"minecraft:iron_nugget":2,"dynamictrees:oak_seed":8},"minecraft:killed_by":{"grimoireofgaia:gryphon":1},"minecraft:dropped":{"minecraft:wheat_seeds":2,"minecraft:iron_nugget":2,"minecraft:oak_log":1,"tombstone:grave_dust":1,"minecraft:dandelion":2}},"DataVersion":3465}