{"stats":{"minecraft:dropped":{"minecraft:iron_nugget":2,"minecraft:oak_log":1,"tombstone:grave_dust":1},"minecraft:killed":{"grimoireofgaia:gryphon":2,"minecraft:spider":2},"minecraft:crafted":{"minecraft:oak_planks":12,"minecraft:crafting_table":1,"minecraft:stick":8,"minecraft:wooden_axe":1},"minecraft:picked_up":{"minecraft:stick":21,"minecraft:oak_log":15,"minecraft:pointed_dripstone":2,"minecraft:string":2,"minecraft:spider_eye":1,"minecraft:dirt":1,"minecraft:iron_nugget":2,"dynamictrees:oak_seed":8},"minecraft:mined":{"minecraft:grass_block":1,"minecraft:pointed_dripstone":1,"minecraft:oak_log":4,"dynamictrees:oak_sapling":1,"minecraft:oak_leaves":1},"minecraft:used":{"minecraft:wooden_axe":1,"dynamictrees:oak_seed":2,"minecraft:dirt":1,"minecraft:golden_carrot":1,"minecraft:crafting_table":1,"tombstone:gift":2,"minecraft:pointed_dripstone":2},"minecraft:custom":{"minecraft:time_since_rest":2370,"minecraft:sprint_one_cm":34152,"minecraft:damage_taken":1195,"minecraft:walk_one_cm":44073,"minecraft:mob_kills":2,"minecraft:drop":4,"minecraft:damage_dealt":569,"minecraft:swim_one_cm":580,"minecraft:interact_with_crafting_table":1,"minecraft:fly_one_cm":243081,"minecraft:crouch_one_cm":1642,"minecraft:play_time":27046,"minecraft:deaths":3,"minecraft:sneak_time":1104,"minecraft:walk_under_water_one_cm":2278,"minecraft:jump":452,"minecraft:leave_game":6,"minecraft:time_since_death":3755,"minecraft:walk_on_water_one_cm":1367,"minecraft:total_world_time":27046,"minecraft:fall_one_cm":19839}},"DataVersion":3465}