{"stats":{"minecraft:killed_by":{"minecraft:skeleton":1},"minecraft:custom":{"minecraft:time_since_rest":11377,"minecraft:crouch_one_cm":1240,"minecraft:sprint_one_cm":38799,"minecraft:play_time":18058,"minecraft:damage_taken":425,"minecraft:deaths":1,"minecraft:walk_one_cm":29568,"minecraft:sneak_time":611,"minecraft:mob_kills":13,"minecraft:drop":6,"minecraft:jump":326,"minecraft:damage_dealt":1506,"minecraft:leave_game":7,"minecraft:time_since_death":11351,"minecraft:total_world_time":18058,"minecraft:fall_one_cm":5099,"minecraft:fly_one_cm":97079},"minecraft:picked_up":{"securitycraft:sentry":16,"minecraft:wheat_seeds":3,"minecraft:dandelion":5,"minecraft:gunpowder":14,"minecraft:snowball":6},"minecraft:mined":{"minecraft:grass":18,"minecraft:dandelion":1},"minecraft:dropped":{"minecraft:wheat_seeds":3,"minecraft:gunpowder":2,"minecraft:dandelion":1},"minecraft:used":{"minecraft:creeper_spawn_egg":24,"securitycraft:sentry":16,"minecraft:netherite_sword":15,"minecraft:diorite":2,"minecraft:grass_block":24,"securitycraft:dirt_mine":1,"minecraft:spruce_log":3},"minecraft:killed":{"minecraft:zombie":1,"minecraft:creeper":10}},"DataVersion":3465}