{"stats":{"minecraft:picked_up":{"minecraft:wheat_seeds":3,"minecraft:dandelion":5},"minecraft:custom":{"minecraft:time_since_rest":1772,"minecraft:crouch_one_cm":565,"minecraft:sprint_one_cm":24660,"minecraft:play_time":8453,"minecraft:deaths":1,"minecraft:damage_taken":425,"minecraft:walk_one_cm":16991,"minecraft:sneak_time":368,"minecraft:mob_kills":2,"minecraft:drop":4,"minecraft:jump":209,"minecraft:damage_dealt":266,"minecraft:leave_game":3,"minecraft:time_since_death":1746,"minecraft:total_world_time":8453,"minecraft:fall_one_cm":5099,"minecraft:fly_one_cm":39853},"minecraft:killed_by":{"minecraft:skeleton":1},"minecraft:mined":{"minecraft:grass":18,"minecraft:dandelion":1},"minecraft:dropped":{"minecraft:wheat_seeds":3,"minecraft:dandelion":1},"minecraft:used":{"minecraft:diorite":2,"minecraft:grass_block":3,"securitycraft:dirt_mine":1},"minecraft:killed":{"minecraft:zombie":1}},"DataVersion":3465}