{"stats":{"minecraft:killed":{"minecraft:zombie":1},"minecraft:dropped":{"minecraft:wheat_seeds":3,"minecraft:dandelion":1},"minecraft:picked_up":{"minecraft:wheat_seeds":3,"minecraft:dandelion":1},"minecraft:mined":{"minecraft:grass":18,"minecraft:dandelion":1},"minecraft:custom":{"minecraft:time_since_rest":167,"minecraft:crouch_one_cm":525,"minecraft:sprint_one_cm":24307,"minecraft:play_time":6848,"minecraft:deaths":1,"minecraft:damage_taken":220,"minecraft:walk_one_cm":11530,"minecraft:sneak_time":328,"minecraft:mob_kills":1,"minecraft:drop":4,"minecraft:jump":201,"minecraft:damage_dealt":248,"minecraft:leave_game":2,"minecraft:time_since_death":141,"minecraft:total_world_time":6848,"minecraft:fall_one_cm":5099,"minecraft:fly_one_cm":34539},"minecraft:killed_by":{"minecraft:skeleton":1}},"DataVersion":3465}