{"stats":{"minecraft:killed_by":{"minecraft:skeleton":1},"minecraft:custom":{"minecraft:time_since_rest":22892,"minecraft:crouch_one_cm":1263,"minecraft:sprint_one_cm":58984,"minecraft:play_time":29573,"minecraft:damage_taken":425,"minecraft:deaths":1,"minecraft:walk_one_cm":34370,"minecraft:sneak_time":666,"minecraft:mob_kills":14,"minecraft:drop":7,"minecraft:jump":505,"minecraft:damage_dealt":1626,"minecraft:leave_game":8,"minecraft:time_since_death":22866,"minecraft:total_world_time":29573,"minecraft:fall_one_cm":5099,"minecraft:fly_one_cm":155629},"minecraft:picked_up":{"securitycraft:sentry":16,"minecraft:wheat_seeds":3,"minecraft:dandelion":5,"minecraft:gunpowder":15,"minecraft:snowball":6},"minecraft:mined":{"minecraft:grass":18,"minecraft:dandelion":1},"minecraft:dropped":{"minecraft:wheat_seeds":3,"minecraft:gunpowder":3,"minecraft:dandelion":1},"minecraft:used":{"minecraft:creeper_spawn_egg":24,"securitycraft:sentry":16,"minecraft:netherite_sword":15,"minecraft:diorite":2,"minecraft:grass_block":117,"securitycraft:dirt_mine":1,"minecraft:spruce_log":3},"minecraft:killed":{"minecraft:zombie":1,"minecraft:creeper":11}},"DataVersion":3465}