{"stats":{"minecraft:dropped":{"minecraft:wheat_seeds":3,"minecraft:dandelion":1},"minecraft:used":{"minecraft:diorite":2,"minecraft:grass_block":3,"securitycraft:dirt_mine":1},"minecraft:picked_up":{"minecraft:wheat_seeds":3,"minecraft:dandelion":5},"minecraft:custom":{"minecraft:time_since_rest":2146,"minecraft:crouch_one_cm":565,"minecraft:sprint_one_cm":25123,"minecraft:play_time":8827,"minecraft:deaths":1,"minecraft:damage_taken":425,"minecraft:walk_one_cm":17294,"minecraft:sneak_time":405,"minecraft:mob_kills":2,"minecraft:drop":4,"minecraft:jump":213,"minecraft:damage_dealt":266,"minecraft:leave_game":4,"minecraft:time_since_death":2120,"minecraft:total_world_time":8827,"minecraft:fall_one_cm":5099,"minecraft:fly_one_cm":48197},"minecraft:killed":{"minecraft:zombie":1},"minecraft:mined":{"minecraft:grass":18,"minecraft:dandelion":1},"minecraft:killed_by":{"minecraft:skeleton":1}},"DataVersion":3465}