{"stats":{"minecraft:killed":{"minecraft:zombie":1},"minecraft:killed_by":{"minecraft:skeleton":1},"minecraft:used":{"minecraft:creeper_spawn_egg":24,"securitycraft:sentry":16,"minecraft:diorite":2,"minecraft:grass_block":24,"securitycraft:dirt_mine":1},"minecraft:mined":{"minecraft:grass":18,"minecraft:dandelion":1},"minecraft:custom":{"minecraft:time_since_rest":5670,"minecraft:crouch_one_cm":1196,"minecraft:sprint_one_cm":27109,"minecraft:play_time":12351,"minecraft:deaths":1,"minecraft:damage_taken":425,"minecraft:walk_one_cm":21134,"minecraft:sneak_time":559,"minecraft:mob_kills":2,"minecraft:drop":4,"minecraft:jump":233,"minecraft:damage_dealt":266,"minecraft:leave_game":7,"minecraft:time_since_death":5644,"minecraft:total_world_time":12351,"minecraft:fall_one_cm":5099,"minecraft:fly_one_cm":77922},"minecraft:picked_up":{"securitycraft:sentry":16,"minecraft:wheat_seeds":3,"minecraft:dandelion":5,"minecraft:snowball":6},"minecraft:dropped":{"minecraft:wheat_seeds":3,"minecraft:dandelion":1}},"DataVersion":3465}