{"stats":{"minecraft:killed_by":{"minecraft:skeleton":1},"minecraft:custom":{"minecraft:time_since_rest":71629,"minecraft:crouch_one_cm":1263,"minecraft:sprint_one_cm":87418,"minecraft:play_time":78310,"minecraft:damage_taken":425,"minecraft:deaths":1,"minecraft:walk_one_cm":41299,"minecraft:sneak_time":667,"minecraft:mob_kills":15,"minecraft:drop":8,"minecraft:jump":828,"minecraft:damage_dealt":1826,"minecraft:leave_game":9,"minecraft:time_since_death":71603,"minecraft:total_world_time":78310,"minecraft:fall_one_cm":5099,"minecraft:fly_one_cm":231605},"minecraft:picked_up":{"securitycraft:sentry":16,"minecraft:wheat_seeds":3,"minecraft:dandelion":5,"minecraft:gunpowder":16,"minecraft:snowball":6},"minecraft:mined":{"minecraft:grass":18,"minecraft:dandelion":1},"minecraft:dropped":{"minecraft:wheat_seeds":3,"minecraft:gunpowder":4,"minecraft:dandelion":1},"minecraft:used":{"minecraft:creeper_spawn_egg":24,"securitycraft:sentry":16,"minecraft:netherite_sword":15,"minecraft:diorite":2,"minecraft:grass_block":118,"securitycraft:dirt_mine":1,"minecraft:spruce_log":3},"minecraft:killed":{"minecraft:zombie":1,"minecraft:creeper":12}},"DataVersion":3465}